﻿pos_x,pos_y,rotation,side,designator,mpn,pack,footprint,value,mount_type,place
196.23,-114.2675,90.0,bottom,C1,,,C_0805_2012Metric_Pad1.18x1.45mm_HandSolder,22uF,smt,True
165.65,-88.72,-90.0,top,C10,,,C_0805_2012Metric_Pad1.18x1.45mm_HandSolder,100nF,smt,True
176.62,-85.61,0.0,top,C11,,,C_0805_2012Metric_Pad1.18x1.45mm_HandSolder,100pF,smt,True
172.73,-93.4275,90.0,bottom,C12,,,C_0805_2012Metric_Pad1.18x1.45mm_HandSolder,10uF,smt,True
171.49,-107.7,0.0,bottom,C13,,,C_0805_2012Metric_Pad1.18x1.45mm_HandSolder,10uF,smt,True
171.49,-105.53,0.0,bottom,C14,,,C_0805_2012Metric_Pad1.18x1.45mm_HandSolder,100nF,smt,True
177.03,-95.75,90.0,bottom,C15,,,C_0805_2012Metric_Pad1.18x1.45mm_HandSolder,0.1uF,smt,True
175.02,-95.95,90.0,bottom,C16,,,CP_EIA-1608-08_AVX-J_Pad1.25x1.05mm_HandSolder,10uF,smt,True
179.25,-95.75,90.0,bottom,C17,,,C_0805_2012Metric_Pad1.18x1.45mm_HandSolder,0.1uF,smt,True
189.31,-93.39,-90.0,top,C18,,,C_0805_2012Metric_Pad1.18x1.45mm_HandSolder,22pF,smt,True
189.31,-84.84,-90.0,top,C19,,,C_0805_2012Metric_Pad1.18x1.45mm_HandSolder,22pF,smt,True
193.97,-114.25,90.0,bottom,C2,,,C_0805_2012Metric_Pad1.18x1.45mm_HandSolder,10uF,smt,True
165.45,-110.3275,-90.0,bottom,C20,,,C_0805_2012Metric_Pad1.18x1.45mm_HandSolder,10uF,smt,True
163.29,-110.3275,-90.0,bottom,C21,,,C_0805_2012Metric_Pad1.18x1.45mm_HandSolder,10uF,smt,True
161.94,-103.0275,90.0,bottom,C22,,,C_0805_2012Metric_Pad1.18x1.45mm_HandSolder,10uF,smt,True
159.18,-107.51,90.0,bottom,C23,,,C_0805_2012Metric_Pad1.18x1.45mm_HandSolder,100nF,smt,True
182.35,-101.41,180.0,bottom,C3,,,C_0805_2012Metric_Pad1.18x1.45mm_HandSolder,100nF,smt,True
195.31,-111.24,0.0,bottom,C4,,,C_0805_2012Metric_Pad1.18x1.45mm_HandSolder,10uF,smt,True
193.66,-100.24,90.0,bottom,C5,,,C_0805_2012Metric_Pad1.18x1.45mm_HandSolder,100nF,smt,True
170.7925,-90.87,0.0,top,C6,,,C_0805_2012Metric_Pad1.18x1.45mm_HandSolder,100nF,smt,True
161.96,-98.23,90.0,top,C7,,,C_0805_2012Metric_Pad1.18x1.45mm_HandSolder,10uF,smt,True
161.96,-102.88,-90.0,top,C8,,,C_0805_2012Metric_Pad1.18x1.45mm_HandSolder,100nF,smt,True
163.55,-88.72,-90.0,top,C9,,,C_0805_2012Metric_Pad1.18x1.45mm_HandSolder,10uF,smt,True
158.65,-120.3,0.0,top,D1,,,LED_0805_2012Metric,LED,smt,True
158.65,-123.3,0.0,top,D2,,,LED_0805_2012Metric,LED,smt,True
170.9,-93.53,180.0,top,D3,,,SS34,SS34,smt,True
161.09,-80.06,90.0,top,D4,,,MM3Z10VT1G,MM3Z10V,smt,True
158.65,-117.3,0.0,top,D5,,,LED_0805_2012Metric,LED,smt,True
191.08,-82.125,90.0,bottom,D6,,SOT-23-3 NXP Semiconductors,PESD1CAN,PESD1CAN,smt,True
161.17,-107.24,-90.0,bottom,D7,,,BAT760-7,BAT760-7,smt,True
159.65,-71.3,-90.0,top,F1,,,Fuseholder_Clip-5x20mm_Littelfuse_111_Inline_P20.00x5.00mm_D1.05mm_Horizontal,0.5A,tht,True
198.07,-76.45,0.0,top,FID1,,,Fiducial_0.5mm_Mask1mm,Fiducial,smt,False
163.26,-123.43,0.0,top,FID2,,,Fiducial_0.5mm_Mask1mm,Fiducial,smt,False
163.26,-76.45,0.0,top,FID3,,,Fiducial_0.5mm_Mask1mm,Fiducial,smt,False
197.79,-73.02,0.0,top,H1,,,MountingHole_2.2mm_M2_Pad_Via,MountingHole_Pad,tht,False
168.03,-114.18,0.0,top,H2,,,MountingHole_2.2mm_M2_Pad_Via,MountingHole_Pad,tht,False
193.18,-71.46,180.0,top,J1,,,COMTECH_C-OBD-II-16M,C-OBD-II-16M,tht,True
164.71,-104.3,180.0,top,J2,,,PinSocket_1x05_P2.54mm_Vertical,Conn_01x05_Socket,tht,True
198.63,-85.3,0.0,top,J3,,,PinSocket_1x05_P2.54mm_Vertical,Conn_01x05_Socket,tht,True
158.635,-111.1025,-90.0,top,J4,,,USB_Micro-B_Molex_47346-0001,USB_B_Micro,smt,True
190.09,-78.785,90.0,bottom,JP1,,,SolderJumper-2_P1.3mm_Open_RoundedPad1.0x1.5mm,SolderJumper_2_Open,tht,False
178.26,-92.07,0.0,top,L1,,,L_Cenker_CKCS6028,4.7uH,smt,True
170.806999,-80.3,-90.0,top,Q1,,,IRF5305S,IRF5305S,smt,True
174.89,-109.86,-90.0,top,Q2,,TO-236 Comchip,TRANS_SS8050-G,SS8050-G,smt,True
174.82,-106.36,90.0,top,Q3,,TO-236 Comchip,TRANS_SS8050-G,SS8050-G,smt,True
182.35,-103.47,0.0,bottom,R1,,,R_0805_2012Metric_Pad1.20x1.40mm_HandSolder,10kΩ,smt,True
159.88,-82.59,180.0,bottom,R10,,,R_0805_2012Metric_Pad1.20x1.40mm_HandSolder,1kΩ,smt,True
159.88,-83.75,180.0,top,R11,,,R_0805_2012Metric_Pad1.20x1.40mm_HandSolder,100kΩ,smt,True
179.59,-86.61,-90.0,top,R12,,,R_0805_2012Metric_Pad1.20x1.40mm_HandSolder,100kΩ,smt,True
176.6,-83.58,180.0,top,R13,,,R_0805_2012Metric_Pad1.20x1.40mm_HandSolder,8.2kΩ,smt,True
162.65,-117.3,180.0,bottom,R14,,,R_0805_2012Metric_Pad1.20x1.40mm_HandSolder,120Ω,smt,True
178.03,-98.72,0.0,bottom,R15,,,R_0805_2012Metric_Pad1.20x1.40mm_HandSolder,10kΩ,smt,True
192.42,-78.795,-90.0,bottom,R16,,,R_0805_2012Metric_Pad1.20x1.40mm_HandSolder,120Ω,smt,True
171.65,-113.22,-90.0,top,R17,,,R_0805_2012Metric_Pad1.20x1.40mm_HandSolder,1kΩ,smt,True
174.84,-103.64,180.0,top,R18,,,R_0805_2012Metric_Pad1.20x1.40mm_HandSolder,10kΩ,smt,True
174.93,-112.56,180.0,top,R19,,,R_0805_2012Metric_Pad1.20x1.40mm_HandSolder,10kΩ,smt,True
191.59,-100.2,-90.0,bottom,R2,,,R_0805_2012Metric_Pad1.20x1.40mm_HandSolder,10kΩ,smt,True
178.05,-113.91,180.0,bottom,R3,,,R_0805_2012Metric_Pad1.20x1.40mm_HandSolder,1k,smt,True
178.05,-111.85,180.0,bottom,R4,,,R_0805_2012Metric_Pad1.20x1.40mm_HandSolder,1k,smt,True
162.65,-120.3,180.0,bottom,R5,,,R_0805_2012Metric_Pad1.20x1.40mm_HandSolder,120Ω,smt,True
162.65,-123.3,180.0,bottom,R6,,,R_0805_2012Metric_Pad1.20x1.40mm_HandSolder,120Ω,smt,True
164.15,-85.29,180.0,top,R7,,,R_0805_2012Metric_Pad1.20x1.40mm_HandSolder,100kΩ,smt,True
176.6,-87.68,0.0,top,R8,,,R_0805_2012Metric_Pad1.20x1.40mm_HandSolder,100kΩ,smt,True
159.88,-78.69,180.0,bottom,R9,,,R_0805_2012Metric_Pad1.20x1.40mm_HandSolder,100kΩ,smt,True
177.2,-80.54,0.0,top,RV1,,,Potenciometer,200kΩ,smt,True
175.06,-99.86,180.0,top,SW1,,,SW_SPST_CK_RS282G05A3,SW_Push,smt,True
184.42,-91.53,-90.0,top,SW2,,,SW_SPST_CK_RS282G05A3,SW_Push,smt,True
158.21,-97.55,-90.0,top,SW3,,,SW_Slide_SPDT_Angled_CK_OS102011MA1Q,SW_SPDT_321,tht,True
190.16,-108.745,180.0,top,U1,,,ESP32-WROOM-32,ESP32-WROOM-32,smt,True
170.76,-87.05,180.0,top,U2,,None,MP1584EN,MP1584EN,smt,True
170.4275,-99.91,-90.0,bottom,U3,,,SOT-223-3_TabPin2,AMS1117,smt,True
184.95,-82.095,90.0,bottom,U4,,None,TJA1050T,TJA1050,smt,True
187.23,-90.83,-90.0,bottom,U5,,SOIC-18 Microchip,MCP2515,MCP2515-I_SO,smt,True
169.78,-107.79,0.0,top,U6,,,QFN-28-1EP_5x5mm_P0.5mm_EP3.35x3.35mm,CP2102N-Axx-xQFN28,smt,True
193.1,-90.18,-90.0,top,Y1,,,Crystal_SMD_HC49-SD,Crystal,smt,True
