﻿Designator,Quantity,Value,Footprint,Package,MPN,DNP,Mount_Type,Description,MF,Description_1,Price,PROD_ID,SnapEDA_Link,MP,Purchase-URL,Availability,Check_prices,MAXIMUM_PACKAGE_HEIGHT,STANDARD,PARTREV,MANUFACTURER,PRICE,AVAILABILITY
C1,1,22uF,C_0805_2012Metric_Pad1.18x1.45mm_HandSolder,,,,smt,"Unpolarized capacitor, small symbol",,,,,,,,,,,,,,,
"C10, C14, C23, C3, C5, C6, C8",7,100nF,C_0805_2012Metric_Pad1.18x1.45mm_HandSolder,,,,smt,"Unpolarized capacitor, small symbol",,,,,,,,,,,,,,,
C11,1,100pF,C_0805_2012Metric_Pad1.18x1.45mm_HandSolder,,,,smt,"Unpolarized capacitor, small symbol",,,,,,,,,,,,,,,
"C12, C13, C2, C20, C21, C22, C4, C7, C9",9,10uF,C_0805_2012Metric_Pad1.18x1.45mm_HandSolder,,,,smt,"Unpolarized capacitor, small symbol",,,,,,,,,,,,,,,
"C15, C17",2,0.1uF,C_0805_2012Metric_Pad1.18x1.45mm_HandSolder,,,,smt,"Unpolarized capacitor, small symbol",,,,,,,,,,,,,,,
C16,1,10uF,CP_EIA-1608-08_AVX-J_Pad1.25x1.05mm_HandSolder,,,,smt,"Polarized capacitor, small symbol",,,,,,,,,,,,,,,
"C18, C19",2,22pF,C_0805_2012Metric_Pad1.18x1.45mm_HandSolder,,,,smt,"Unpolarized capacitor, small symbol",,,,,,,,,,,,,,,
"D1, D2, D5",3,LED,LED_0805_2012Metric,,,,smt,Light emitting diode,,,,,,,,,,,,,,,
D3,1,SS34,SS34,,,,smt,Schottky diode,,,,,,,,,,,,,,,
D4,1,MM3Z10V,MM3Z10VT1G,,,,smt,"Zener diode, small symbol",,,,,,,,,,,,,,,
D6,1,PESD1CAN,PESD1CAN,SOT-23-3 NXP Semiconductors,,,smt,,Nexperia USA,"
50V Clamp 3A (8/20µs) Ipp Tvs Diode Surface Mount SOT-323
",None,DIO-12501,https://www.snapeda.com/parts/PESD1CAN/Nexperia/view-part/?ref=snap,PESD1CAN,https://www.snapeda.com/api/url_track_click_mouser/?unipart_id=2164340&manufacturer=Nexperia USA&part_name=PESD1CAN&search_term=None,In Stock,https://www.snapeda.com/parts/PESD1CAN/Nexperia/view-part/?ref=eda,,,,,,
D7,1,BAT760-7,BAT760-7,,,,smt,"Schottky diode, small symbol",,,,,,,,,,,,,,,
F1,1,0.5A,Fuseholder_Clip-5x20mm_Littelfuse_111_Inline_P20.00x5.00mm_D1.05mm_Horizontal,,,,tht,"Fuse, small symbol",,,,,,,,,,,,,,,
"FID1, FID2, FID3",3,Fiducial,Fiducial_0.5mm_Mask1mm,,,,smt,Fiducial Marker,,,,,,,,,,,,,,,
"H1, H2",2,MountingHole_Pad,MountingHole_2.2mm_M2_Pad_Via,,,,tht,Mounting Hole with connection,,,,,,,,,,,,,,,
J1,1,C-OBD-II-16M,COMTECH_C-OBD-II-16M,,,,tht,,,,,,,,,,,,,,,,
"J2, J3",2,Conn_01x05_Socket,PinSocket_1x05_P2.54mm_Vertical,,,,tht,"Generic connector, single row, 01x05, script generated",,,,,,,,,,,,,,,
J4,1,USB_B_Micro,USB_Micro-B_Molex_47346-0001,,,,smt,USB Micro Type B connector,,,,,,,,,,,,,,,
JP1,1,SolderJumper_2_Open,SolderJumper-2_P1.3mm_Open_RoundedPad1.0x1.5mm,,,,tht,"Solder Jumper, 2-pole, open",,,,,,,,,,,,,,,
L1,1,4.7uH,L_Cenker_CKCS6028,,,,smt,"Inductor, small symbol",,,,,,,,,,,,,,,
Q1,1,IRF5305S,IRF5305S,,,,smt,"33A Id, 100V Vds, HEXFET N-Channel MOSFET, TO-220",,,,,,,,,,,,,,,
"Q2, Q3",2,SS8050-G,TRANS_SS8050-G,TO-236 Comchip,,,smt,,Comchip Technology,"
Bipolar (BJT) Transistor NPN 25 V 1.5 A 100MHz 300 mW Surface Mount SOT-23-3
",None,,https://www.snapeda.com/parts/SS8050-G/Comchip+Technology/view-part/?ref=snap,SS8050-G,https://www.snapeda.com/api/url_track_click_mouser/?unipart_id=809142&manufacturer=Comchip Technology&part_name=SS8050-G&search_term=None,In Stock,https://www.snapeda.com/parts/SS8050-G/Comchip+Technology/view-part/?ref=eda,1.05 mm,Manufacturer Recommendations,A,Comchip,,
"R1, R15, R18, R19, R2",5,10kΩ,R_0805_2012Metric_Pad1.20x1.40mm_HandSolder,,,,smt,"Resistor, small symbol",,,,,,,,,,,,,,,
"R10, R17",2,1kΩ,R_0805_2012Metric_Pad1.20x1.40mm_HandSolder,,,,smt,"Resistor, small symbol",,,,,,,,,,,,,,,
"R11, R12, R7, R8, R9",5,100kΩ,R_0805_2012Metric_Pad1.20x1.40mm_HandSolder,,,,smt,"Resistor, small symbol",,,,,,,,,,,,,,,
R13,1,8.2kΩ,R_0805_2012Metric_Pad1.20x1.40mm_HandSolder,,,,smt,"Resistor, small symbol",,,,,,,,,,,,,,,
"R14, R16, R5, R6",4,120Ω,R_0805_2012Metric_Pad1.20x1.40mm_HandSolder,,,,smt,"Resistor, small symbol",,,,,,,,,,,,,,,
"R3, R4",2,1k,R_0805_2012Metric_Pad1.20x1.40mm_HandSolder,,,,smt,"Resistor, small symbol",,,,,,,,,,,,,,,
RV1,1,200kΩ,Potenciometer,,,,smt,Potentiometer,,,,,,,,,,,,,,,
"SW1, SW2",2,SW_Push,SW_SPST_CK_RS282G05A3,,,,smt,"Push button switch, generic, two pins",,,,,,,,,,,,,,,
SW3,1,SW_SPDT_321,SW_Slide_SPDT_Angled_CK_OS102011MA1Q,,,,tht,"Switch, single pole double throw",,,,,,,,,,,,,,,
U1,1,ESP32-WROOM-32,ESP32-WROOM-32,,,,smt,"RF Module, ESP32-D0WDQ6 SoC, Wi-Fi 802.11b/g/n, Bluetooth, BLE, 32-bit, 2.7-3.6V, onboard antenna, SMD",,,,,,,,,,,,,,,
U2,1,MP1584EN,MP1584EN,None,,,smt,,Monolithic Power,"
Buck Switching Regulator IC Positive Adjustable 0.8V 1 Output 3A 8-SOIC (0.154, 3.90mm Width) Exposed Pad
",None,,https://www.snapeda.com/parts/MP1584EN/Monolithic+Power+Systems+Inc./view-part/?ref=snap,MP1584EN,,In Stock,https://www.snapeda.com/parts/MP1584EN/Monolithic+Power+Systems+Inc./view-part/?ref=eda,,IPC-7351B,,,None,Unavailable
U3,1,AMS1117,SOT-223-3_TabPin2,,,,smt,"1A Low Dropout regulator, positive, adjustable output, SOT-223",,,,,,,,,,,,,,,
U4,1,TJA1050,TJA1050T,None,,,smt,,NXP Semiconductors,"
CAN 1MBd Silent 5V Automotive 8-Pin SO T/R
",None,,https://www.snapeda.com/parts/TJA1050/NXP+Semiconductors/view-part/?ref=snap,TJA1050,,In Stock,https://www.snapeda.com/parts/TJA1050/NXP+Semiconductors/view-part/?ref=eda,,,,,,
U5,1,MCP2515-I_SO,MCP2515,SOIC-18 Microchip,,,smt,,Microchip,"
Microchip CAN Controller 1Mbit/s CAN 2.0B 18-Pin SOIC W | Microchip Technology Inc. MCP2515-I/SO
",None,,https://www.snapeda.com/parts/MCP2515-I/SO/Microchip/view-part/?ref=snap,MCP2515-I/SO,,In Stock,https://www.snapeda.com/parts/MCP2515-I/SO/Microchip/view-part/?ref=eda,,,,,,
U6,1,CP2102N-Axx-xQFN28,QFN-28-1EP_5x5mm_P0.5mm_EP3.35x3.35mm,,,,smt,"USB to UART master bridge, QFN-28",,,,,,,,,,,,,,,
Y1,1,Crystal,Crystal_SMD_HC49-SD,,,,smt,Two pin crystal,,,,,,,,,,,,,,,
